mx,my,mz
-0.566800,0.819906,-0.071116
axis,min,max
x,-315.000000,0.000000
y,-85.000000,223.000000
z,-71.000000,192.000000
