mx,my,mz
-0.504631,0.847037,-0.163484
axis,min,max
x,441.000000,735.000000
y,-141.000000,159.000000
z,685.000000,979.000000
